Workbook

Sheet Work_Orders
A1: Job_ID | B1: Date_Logged | C1: Category | D1: Description | E1: Priority | F1: Status | G1: Contractor | H1: Days_to_Close | I1: Cost_EUR | J1: Building
A2: WO-1001 | B2: 2024-01-05 | C2: Electrical | D2: Faulty lighting in corridor | E2: Low | F2: Completed | G2: ProClean | H2: 4 | I2: 1717.61 | J2: Student Centre
A3: WO-1002 | B3: 2024-01-17 | C3: Electrical | D3: Power socket not working | E3: High | F3: Completed | G3: TechFix Dublin | H3: 20 | I3: 144.22 | J3: Admin Block
A4: WO-1003 | B4: 2024-01-26 | C4: Structural | D4: Door hinge repair | E4: High | F4: Completed | G4: TechFix Dublin | H4: 1 | I4: 1916.31 | J4: Student Centre
A5: WO-1004 | B5: 2024-01-25 | C5: IT Equipment | D5: Monitor replacement | E5: Medium | F5: Completed | G5: Murphy Maintenance | H5: 11 | I5: 327.35 | J5: Library
A6: WO-1005 | B6: 2024-01-24 | C6: IT Equipment | D6: Monitor replacement | E6: Medium | F6: In Progress | G6: ProClean | J6: Main Campus
A7: WO-1006 | B7: 2024-01-21 | C7: Structural | D7: Window seal replacement | E7: High | F7: Completed | G7: ProClean | H7: 20 | I7: 2222.79 | J7: Research Block
A8: WO-1007 | B8: 2024-01-10 | C8: Plumbing | D8: Leaking tap in kitchen | E8: High | F8: Completed | G8: Lift Tech Ireland | H8: 3 | I8: 2149.87 | J8: Library
A9: WO-1008 | B9: 2024-01-12 | C9: Fire Safety | D9: Emergency exit sign repair | E9: Medium | F9: Completed | G9: TechFix Dublin | H9: 12 | I9: 587.01 | J9: Main Campus
A10: WO-1009 | B10: 2024-02-21 | C10: Lift | D10: Emergency stop test | E10: High | F10: Completed | G10: BuildRight Ltd | H10: 18 | I10: 611.47 | J10: Main Campus
A11: WO-1010 | B11: 2024-02-13 | C11: Lift | D11: Emergency stop test | E11: Low | F11: In Progress | G11: Murphy Maintenance | J11: Research Block
A12: WO-1011 | B12: 2024-02-21 | C12: IT Equipment | D12: Network switch fault | E12: High | F12: Completed | G12: ElecFix Ltd | H12: 15 | I12: 425.75 | J12: Admin Block
A13: WO-1012 | B13: 2024-02-19 | C13: Cleaning | D13: Carpet cleaning | E13: Low | F13: Completed | G13: ProClean | H13: 13 | I13: 956.03 | J13: Student Centre
A14: WO-1013 | B14: 2024-02-05 | C14: Plumbing | D14: Blocked drain | E14: Low | F14: In Progress | G14: BuildRight Ltd | J14: Student Centre
A15: WO-1014 | B15: 2024-02-15 | C15: Plumbing | D15: Leaking tap in kitchen | E15: Medium | F15: Completed | G15: TechFix Dublin | H15: 17 | I15: 688.42 | J15: Main Campus
A16: WO-1015 | B16: 2024-02-10 | C16: Cleaning | D16: Deep clean after event | E16: Low | F16: Completed | G16: TechFix Dublin | H16: 14 | I16: 462.74 | J16: Library
A17: WO-1016 | B17: 2024-02-21 | C17: HVAC | D17: Ventilation filter replacement | E17: Medium | F17: Completed | G17: ElecFix Ltd | H17: 10 | I17: 2116.84 | J17: Library
A18: WO-1017 | B18: 2024-02-17 | C18: HVAC | D18: AC unit not cooling | E18: Medium | F18: In Progress | G18: ProClean | J18: Library
A19: WO-1018 | B19: 2024-03-27 | C19: Electrical | D19: Power socket not working | E19: High | F19: Completed | G19: ProClean | H19: 10 | I19: 659.47 | J19: Main Campus
A20: WO-1019 | B20: 2024-03-25 | C20: Plumbing | D20: Blocked drain | E20: Low | F20: In Progress | G20: ElecFix Ltd | J20: Student Centre
A21: WO-1020 | B21: 2024-03-14 | C21: HVAC | D21: Ventilation filter replacement | E21: Medium | F21: In Progress | G21: ProClean | J21: Research Block
A22: WO-1021 | B22: 2024-03-12 | C22: Cleaning | D22: Pressure wash carpark | E22: Medium | F22: Completed | G22: Murphy Maintenance | H22: 15 | I22: 2257.07 | J22: Research Block
A23: WO-1022 | B23: 2024-03-18 | C23: Lift | D23: Lift door sensor fault | E23: High | F23: Completed | G23: Murphy Maintenance | H23: 8 | I23: 1504.03 | J23: Main Campus
A24: WO-1023 | B24: 2024-03-11 | C24: Lift | D24: Emergency stop test | E24: High | F24: Completed | G24: TechFix Dublin | H24: 3 | I24: 1324.26 | J24: Student Centre
A25: WO-1024 | B25: 2024-03-19 | C25: Lift | D25: Lift button replacement | E25: Medium | F25: In Progress | G25: ElecFix Ltd | J25: Student Centre
A26: WO-1025 | B26: 2024-03-14 | C26: Structural | D26: Flooring repair | E26: High | F26: Completed | G26: BuildRight Ltd | H26: 12 | I26: 1105.06 | J26: Main Campus
A27: WO-1026 | B27: 2024-03-26 | C27: Plumbing | D27: Leaking tap in kitchen | E27: High | F27: In Progress | G27: ElecFix Ltd | J27: Research Block
A28: WO-1027 | B28: 2024-03-06 | C28: Lift | D28: Lift door sensor fault | E28: Medium | F28: Completed | G28: Lift Tech Ireland | H28: 9 | I28: 1199.56 | J28: Admin Block
A29: WO-1028 | B29: 2024-03-27 | C29: Plumbing | D29: Leaking tap in kitchen | E29: High | F29: Pending | G29: Murphy Maintenance | J29: Research Block
A30: WO-1029 | B30: 2024-03-28 | C30: HVAC | D30: Ventilation filter replacement | E30: Medium | F30: Completed | G30: Lift Tech Ireland | H30: 13 | I30: 2263.91 | J30: Main Campus
A31: WO-1030 | B31: 2024-03-15 | C31: Structural | D31: Window seal replacement | E31: Medium | F31: In Progress | G31: Lift Tech Ireland | J31: Admin Block
A32: WO-1031 | B32: 2024-03-02 | C32: Fire Safety | D32: Fire extinguisher inspection | E32: High | F32: Completed | G32: TechFix Dublin | H32: 19 | I32: 1860.48 | J32: Library
A33: WO-1032 | B33: 2024-04-28 | C33: Electrical | D33: Faulty lighting in corridor | E33: Medium | F33: Completed | G33: BuildRight Ltd | H33: 17 | I33: 460.99 | J33: Research Block
A34: WO-1033 | B34: 2024-04-08 | C34: Plumbing | D34: Blocked drain | E34: Medium | F34: Completed | G34: ProClean | H34: 13 | I34: 370.13 | J34: Admin Block
A35: WO-1034 | B35: 2024-04-19 | C35: Electrical | D35: Emergency lighting test | E35: Medium | F35: Completed | G35: ElecFix Ltd | H35: 19 | I35: 1345.13 | J35: Library
A36: WO-1035 | B36: 2024-04-21 | C36: Lift | D36: Lift door sensor fault | E36: Medium | F36: Completed | G36: Murphy Maintenance | H36: 10 | I36: 1186.48 | J36: Student Centre
A37: WO-1036 | B37: 2024-04-09 | C37: Plumbing | D37: Leaking tap in kitchen | E37: High | F37: Completed | G37: ElecFix Ltd | H37: 5 | I37: 2338.49 | J37: Library
A38: WO-1037 | B38: 2024-04-23 | C38: Cleaning | D38: Window cleaning | E38: High | F38: In Progress | G38: ProClean | J38: Admin Block
A39: WO-1038 | B39: 2024-04-22 | C39: Electrical | D39: Power socket not working | E39: Low | F39: Completed | G39: CoolAir Services | H39: 4 | I39: 2352.21 | J39: Main Campus
A40: WO-1039 | B40: 2024-05-23 | C40: HVAC | D40: Heating system fault | E40: Medium | F40: Completed | G40: ProClean | H40: 11 | I40: 572.71 | J40: Student Centre
A41: WO-1040 | B41: 2024-05-03 | C41: Cleaning | D41: Pressure wash carpark | E41: Low | F41: In Progress | G41: BuildRight Ltd | J41: Library
A42: WO-1041 | B42: 2024-05-21 | C42: Electrical | D42: Emergency lighting test | E42: High | F42: In Progress | G42: ElecFix Ltd | J42: Student Centre
A43: WO-1042 | B43: 2024-05-23 | C43: Structural | D43: Window seal replacement | E43: Medium | F43: Completed | G43: ProClean | H43: 5 | I43: 1400.33 | J43: Admin Block
A44: WO-1043 | B44: 2024-05-12 | C44: HVAC | D44: Ventilation filter replacement | E44: Medium | F44: Completed | G44: TechFix Dublin | H44: 2 | I44: 2255.4 | J44: Research Block
A45: WO-1044 | B45: 2024-05-28 | C45: Plumbing | D45: Blocked drain | E45: Medium | F45: Completed | G45: ElecFix Ltd | H45: 14 | I45: 2436.69 | J45: Research Block
A46: WO-1045 | B46: 2024-05-24 | C46: HVAC | D46: Boiler service | E46: Low | F46: Completed | G46: BuildRight Ltd | H46: 11 | I46: 1973.38 | J46: Research Block
A47: WO-1046 | B47: 2024-05-13 | C47: Cleaning | D47: Deep clean after event | E47: High | F47: In Progress | G47: BuildRight Ltd | J47: Student Centre
A48: WO-1047 | B48: 2024-06-10 | C48: Lift | D48: Annual lift inspection | E48: Low | F48: Completed | G48: Lift Tech Ireland | H48: 8 | I48: 619.47 | J48: Library
A49: WO-1048 | B49: 2024-06-09 | C49: Cleaning | D49: Window cleaning | E49: Low | F49: Pending | G49: TechFix Dublin | J49: Admin Block
A50: WO-1049 | B50: 2024-06-11 | C50: Structural | D50: Ceiling tile replacement | E50: Low | F50: In Progress | G50: Murphy Maintenance | J50: Library
A51: WO-1050 | B51: 2024-06-02 | C51: HVAC | D51: AC unit not cooling | E51: Medium | F51: Pending | G51: ProClean | J51: Student Centre
A52: WO-1051 | B52: 2024-06-20 | C52: IT Equipment | D52: Network switch fault | E52: Low | F52: Completed | G52: CoolAir Services | H52: 17 | I52: 359.86 | J52: Main Campus
A53: WO-1052 | B53: 2024-06-18 | C53: Structural | D53: Door hinge repair | E53: High | F53: Pending | G53: CoolAir Services | J53: Student Centre
A54: WO-1053 | B54: 2024-06-20 | C54: Plumbing | D54: Water pressure issue | E54: Low | F54: Pending | G54: TechFix Dublin | J54: Main Campus
A55: WO-1054 | B55: 2024-06-11 | C55: Cleaning | D55: Carpet cleaning | E55: Medium | F55: Completed | G55: ElecFix Ltd | H55: 13 | I55: 1767.24 | J55: Student Centre
A56: WO-1055 | B56: 2024-06-20 | C56: Structural | D56: Window seal replacement | E56: Low | F56: Pending | G56: Lift Tech Ireland | J56: Admin Block
A57: WO-1056 | B57: 2024-06-26 | C57: Electrical | D57: Emergency lighting test | E57: Medium | F57: Completed | G57: Lift Tech Ireland | H57: 19 | I57: 1548.12 | J57: Student Centre
A58: WO-1057 | B58: 2024-07-26 | C58: Lift | D58: Annual lift inspection | E58: Medium | F58: In Progress | G58: TechFix Dublin | J58: Main Campus
A59: WO-1058 | B59: 2024-07-11 | C59: Cleaning | D59: Carpet cleaning | E59: Medium | F59: Completed | G59: TechFix Dublin | H59: 3 | I59: 2060.58 | J59: Library
A60: WO-1059 | B60: 2024-07-02 | C60: Lift | D60: Lift door sensor fault | E60: Low | F60: Completed | G60: Lift Tech Ireland | H60: 8 | I60: 2461.13 | J60: Student Centre
A61: WO-1060 | B61: 2024-07-13 | C61: Lift | D61: Lift door sensor fault | E61: Low | F61: Completed | G61: BuildRight Ltd | H61: 8 | I61: 437.12 | J61: Main Campus
A62: WO-1061 | B62: 2024-07-23 | C62: Structural | D62: Flooring repair | E62: High | F62: In Progress | G62: Murphy Maintenance | J62: Admin Block
A63: WO-1062 | B63: 2024-07-05 | C63: Lift | D63: Emergency stop test | E63: Low | F63: Completed | G63: BuildRight Ltd | H63: 15 | I63: 1695.54 | J63: Student Centre
A64: WO-1063 | B64: 2024-07-06 | C64: Structural | D64: Door hinge repair | E64: Low | F64: Completed | G64: BuildRight Ltd | H64: 16 | I64: 1169.17 | J64: Library
A65: WO-1064 | B65: 2024-07-03 | C65: Fire Safety | D65: Emergency exit sign repair | E65: Medium | F65: Completed | G65: CoolAir Services | H65: 10 | I65: 647.47 | J65: Admin Block
A66: WO-1065 | B66: 2024-07-23 | C66: Plumbing | D66: Leaking tap in kitchen | E66: High | F66: Completed | G66: Lift Tech Ireland | H66: 5 | I66: 1789.53 | J66: Student Centre
A67: WO-1066 | B67: 2024-07-07 | C67: IT Equipment | D67: Projector bulb replacement | E67: Medium | F67: Completed | G67: BuildRight Ltd | H67: 14 | I67: 1022.53 | J67: Admin Block
A68: WO-1067 | B68: 2024-07-10 | C68: Structural | D68: Flooring repair | E68: Medium | F68: Pending | G68: BuildRight Ltd | J68: Student Centre
A69: WO-1068 | B69: 2024-07-16 | C69: Lift | D69: Lift button replacement | E69: Medium | F69: Completed | G69: TechFix Dublin | H69: 1 | I69: 1021.03 | J69: Research Block
A70: WO-1069 | B70: 2024-07-18 | C70: Fire Safety | D70: Fire extinguisher inspection | E70: Low | F70: Pending | G70: Lift Tech Ireland | J70: Admin Block
A71: WO-1070 | B71: 2024-07-28 | C71: Electrical | D71: Emergency lighting test | E71: High | F71: Completed | G71: Lift Tech Ireland | H71: 15 | I71: 519.78 | J71: Library
A72: WO-1071 | B72: 2024-08-13 | C72: Fire Safety | D72: Emergency exit sign repair | E72: Medium | F72: In Progress | G72: BuildRight Ltd | J72: Student Centre
A73: WO-1072 | B73: 2024-08-24 | C73: Cleaning | D73: Window cleaning | E73: Low | F73: Completed | G73: ElecFix Ltd | H73: 18 | I73: 206.05 | J73: Main Campus
A74: WO-1073 | B74: 2024-08-07 | C74: Electrical | D74: Faulty lighting in corridor | E74: Low | F74: Pending | G74: ProClean | J74: Research Block
A75: WO-1074 | B75: 2024-08-19 | C75: Lift | D75: Emergency stop test | E75: High | F75: Completed | G75: BuildRight Ltd | H75: 7 | I75: 1205.38 | J75: Library
A76: WO-1075 | B76: 2024-08-23 | C76: HVAC | D76: AC unit not cooling | E76: Medium | F76: Pending | G76: BuildRight Ltd | J76: Research Block
A77: WO-1076 | B77: 2024-08-10 | C77: Cleaning | D77: Pressure wash carpark | E77: High | F77: Completed | G77: Lift Tech Ireland | H77: 19 | I77: 1719.18 | J77: Research Block
A78: WO-1077 | B78: 2024-08-08 | C78: Plumbing | D78: Leaking tap in kitchen | E78: Medium | F78: In Progress | G78: TechFix Dublin | J78: Library
A79: WO-1078 | B79: 2024-08-02 | C79: Plumbing | D79: Water pressure issue | E79: Low | F79: Completed | G79: Murphy Maintenance | H79: 12 | I79: 1369.24 | J79: Admin Block
A80: WO-1079 | B80: 2024-08-16 | C80: IT Equipment | D80: Printer offline | E80: High | F80: Completed | G80: TechFix Dublin | H80: 4 | I80: 1129.13 | J80: Student Centre
A81: WO-1080 | B81: 2024-08-21 | C81: HVAC | D81: Heating system fault | E81: Medium | F81: In Progress | G81: ProClean | J81: Admin Block
A82: WO-1081 | B82: 2024-09-09 | C82: Fire Safety | D82: Emergency exit sign repair | E82: Medium | F82: In Progress | G82: BuildRight Ltd | J82: Research Block
A83: WO-1082 | B83: 2024-09-25 | C83: Plumbing | D83: Toilet flush repair | E83: Medium | F83: Completed | G83: CoolAir Services | H83: 15 | I83: 1459.04 | J83: Main Campus
A84: WO-1083 | B84: 2024-09-07 | C84: Fire Safety | D84: Emergency exit sign repair | E84: Low | F84: Completed | G84: CoolAir Services | H84: 12 | I84: 2010.75 | J84: Admin Block
A85: WO-1084 | B85: 2024-09-07 | C85: Cleaning | D85: Pressure wash carpark | E85: Medium | F85: Completed | G85: Lift Tech Ireland | H85: 3 | I85: 664.08 | J85: Admin Block
A86: WO-1085 | B86: 2024-09-16 | C86: Lift | D86: Lift door sensor fault | E86: Low | F86: Completed | G86: CoolAir Services | H86: 15 | I86: 1998.9 | J86: Research Block
A87: WO-1086 | B87: 2024-09-19 | C87: Structural | D87: Window seal replacement | E87: Low | F87: Completed | G87: Lift Tech Ireland | H87: 12 | I87: 1225.29 | J87: Admin Block
A88: WO-1087 | B88: 2024-09-10 | C88: IT Equipment | D88: Network switch fault | E88: Medium | F88: Completed | G88: CoolAir Services | H88: 9 | I88: 637.9 | J88: Main Campus
A89: WO-1088 | B89: 2024-09-09 | C89: HVAC | D89: Heating system fault | E89: High | F89: In Progress | G89: Murphy Maintenance | J89: Research Block
A90: WO-1089 | B90: 2024-09-01 | C90: Cleaning | D90: Deep clean after event | E90: Medium | F90: Completed | G90: Murphy Maintenance | H90: 18 | I90: 386.33 | J90: Admin Block
A91: WO-1090 | B91: 2024-09-28 | C91: Cleaning | D91: Deep clean after event | E91: Low | F91: Completed | G91: ProClean | H91: 16 | I91: 328.26 | J91: Library
A92: WO-1091 | B92: 2024-09-02 | C92: Fire Safety | D92: Sprinkler check | E92: Medium | F92: Completed | G92: Murphy Maintenance | H92: 9 | I92: 2357.37 | J92: Main Campus
A93: WO-1092 | B93: 2024-09-22 | C93: Structural | D93: Window seal replacement | E93: Medium | F93: Completed | G93: Murphy Maintenance | H93: 2 | I93: 447.18 | J93: Research Block
A94: WO-1093 | B94: 2024-09-20 | C94: Plumbing | D94: Toilet flush repair | E94: Medium | F94: Completed | G94: Lift Tech Ireland | H94: 20 | I94: 626.16 | J94: Student Centre
A95: WO-1094 | B95: 2024-09-10 | C95: Cleaning | D95: Deep clean after event | E95: Low | F95: Pending | G95: ProClean | J95: Main Campus
A96: WO-1095 | B96: 2024-10-08 | C96: Lift | D96: Annual lift inspection | E96: Medium | F96: Completed | G96: Murphy Maintenance | H96: 6 | I96: 1415.82 | J96: Student Centre
A97: WO-1096 | B97: 2024-10-02 | C97: Fire Safety | D97: Emergency exit sign repair | E97: Low | F97: Completed | G97: TechFix Dublin | H97: 8 | I97: 777.21 | J97: Student Centre
A98: WO-1097 | B98: 2024-10-26 | C98: Plumbing | D98: Blocked drain | E98: Low | F98: Pending | G98: Lift Tech Ireland | J98: Main Campus
A99: WO-1098 | B99: 2024-10-27 | C99: Lift | D99: Annual lift inspection | E99: Medium | F99: Pending | G99: Murphy Maintenance | J99: Main Campus
A100: WO-1099 | B100: 2024-10-27 | C100: HVAC | D100: Boiler service | E100: Low | F100: Completed | G100: Murphy Maintenance | H100: 19 | I100: 2309.29 | J100: Student Centre
...

Sheet Summary_Analysis
A1: FACILITIES MAINTENANCE DASHBOARD — 2024 ANNUAL SUMMARY
A2: Royal College of Surgeons Ireland (RCSI) — Fictional Training Dataset
A4: Total Work Orders | B4: Completed | C4: In Progress | D4: Pending | E4: Avg Days to Close | F4: Total Cost (€)
A5: =COUNTA(Work_Orders!A2:A500)-COUNTBLANK(Work_Orders!A2:A500) -> -245 | B5: =COUNTIF(Work_Orders!F2:F500,"Completed") -> 87 | C5: =COUNTIF(Work_Orders!F2:F500,"In Progress") -> 25 | D5: =COUNTIF(Work_Orders!F2:F500,"Pending") -> 15 | E5: =AVERAGEIF(Work_Orders!F2:F500,"Completed",Work_Orders!H2:H500) -> 11.678161 | F5: =SUMIF(Work_Orders!F2:F500,"Completed",Work_Orders!I2:I500) -> 120798.28
A7: WORK ORDERS BY CATEGORY | E7: WORK ORDERS BY PRIORITY
A8: Category | B8: Count | C8: % of Total | E8: Priority | F8: Count | G8: Avg Cost (€)
A9: Electrical | B9: =COUNTIF(Work_Orders!C:C,A9) -> 13 | C9: =B9/B5 -> 0.14942529 | E9: High | F9: =COUNTIF(Work_Orders!E:E,E9) -> 29 | G9: =AVERAGEIFS(Work_Orders!I:I,Work_Orders!E:E,E9,Work_Orders!F:F,"Completed") -> 1400.973
A10: Plumbing | B10: =COUNTIF(Work_Orders!C:C,A10) -> 18 | C10: =B10/B5 -> 0.20689655 | E10: Medium | F10: =COUNTIF(Work_Orders!E:E,E10) -> 56 | G10: =AVERAGEIFS(Work_Orders!I:I,Work_Orders!E:E,E10,Work_Orders!F:F,"Completed") -> 1421.2726
A11: HVAC | B11: =COUNTIF(Work_Orders!C:C,A11) -> 14 | C11: =B11/B5 -> 0.16091954 | E11: Low | F11: =COUNTIF(Work_Orders!E:E,E11) -> 42 | G11: =AVERAGEIFS(Work_Orders!I:I,Work_Orders!E:E,E11,Work_Orders!F:F,"Completed") -> 1323.4148
A12: Lift | B12: =COUNTIF(Work_Orders!C:C,A12) -> 21 | C12: =B12/B5 -> 0.24137931
A13: Cleaning | B13: =COUNTIF(Work_Orders!C:C,A13) -> 18 | C13: =B13/B5 -> 0.20689655
A14: IT Equipment | B14: =COUNTIF(Work_Orders!C:C,A14) -> 13 | C14: =B14/B5 -> 0.14942529
A15: Structural | B15: =COUNTIF(Work_Orders!C:C,A15) -> 16 | C15: =B15/B5 -> 0.18390805
A16: Fire Safety | B16: =COUNTIF(Work_Orders!C:C,A16) -> 14 | C16: =B16/B5 -> 0.16091954
A17: TOTAL | B17: =SUM(B9:B16) -> 127 | C17: 100%
A19: MONTHLY WORK ORDER TREND — 2024
A20: Month | B20: Jobs Logged | C20: Completed | D20: Cost (€)
A21: Jan | B21: =COUNTIFS(Work_Orders!B:B,">=2024-01-01",Work_Orders!B:B,"<=2024-01-31") -> 0 | C21: =COUNTIFS(Work_Orders!B:B,">=2024-01-01",Work_Orders!B:B,"<=2024-01-31",Work_Orders!F:F,"Completed") -> 0 | D21: =SUMIFS(Work_Orders!I:I,Work_Orders!B:B,">=2024-01-01",Work_Orders!B:B,"<=2024-01-31") -> 0
A22: Feb | B22: =COUNTIFS(Work_Orders!B:B,">=2024-02-01",Work_Orders!B:B,"<=2024-02-31") -> 0 | C22: =COUNTIFS(Work_Orders!B:B,">=2024-02-01",Work_Orders!B:B,"<=2024-02-31",Work_Orders!F:F,"Completed") -> 0 | D22: =SUMIFS(Work_Orders!I:I,Work_Orders!B:B,">=2024-02-01",Work_Orders!B:B,"<=2024-02-31") -> 0
A23: Mar | B23: =COUNTIFS(Work_Orders!B:B,">=2024-03-01",Work_Orders!B:B,"<=2024-03-31") -> 0 | C23: =COUNTIFS(Work_Orders!B:B,">=2024-03-01",Work_Orders!B:B,"<=2024-03-31",Work_Orders!F:F,"Completed") -> 0 | D23: =SUMIFS(Work_Orders!I:I,Work_Orders!B:B,">=2024-03-01",Work_Orders!B:B,"<=2024-03-31") -> 0
A24: Apr | B24: =COUNTIFS(Work_Orders!B:B,">=2024-04-01",Work_Orders!B:B,"<=2024-04-31") -> 0 | C24: =COUNTIFS(Work_Orders!B:B,">=2024-04-01",Work_Orders!B:B,"<=2024-04-31",Work_Orders!F:F,"Completed") -> 0 | D24: =SUMIFS(Work_Orders!I:I,Work_Orders!B:B,">=2024-04-01",Work_Orders!B:B,"<=2024-04-31") -> 0
A25: May | B25: =COUNTIFS(Work_Orders!B:B,">=2024-05-01",Work_Orders!B:B,"<=2024-05-31") -> 0 | C25: =COUNTIFS(Work_Orders!B:B,">=2024-05-01",Work_Orders!B:B,"<=2024-05-31",Work_Orders!F:F,"Completed") -> 0 | D25: =SUMIFS(Work_Orders!I:I,Work_Orders!B:B,">=2024-05-01",Work_Orders!B:B,"<=2024-05-31") -> 0
A26: Jun | B26: =COUNTIFS(Work_Orders!B:B,">=2024-06-01",Work_Orders!B:B,"<=2024-06-31") -> 0 | C26: =COUNTIFS(Work_Orders!B:B,">=2024-06-01",Work_Orders!B:B,"<=2024-06-31",Work_Orders!F:F,"Completed") -> 0 | D26: =SUMIFS(Work_Orders!I:I,Work_Orders!B:B,">=2024-06-01",Work_Orders!B:B,"<=2024-06-31") -> 0
A27: Jul | B27: =COUNTIFS(Work_Orders!B:B,">=2024-07-01",Work_Orders!B:B,"<=2024-07-31") -> 0 | C27: =COUNTIFS(Work_Orders!B:B,">=2024-07-01",Work_Orders!B:B,"<=2024-07-31",Work_Orders!F:F,"Completed") -> 0 | D27: =SUMIFS(Work_Orders!I:I,Work_Orders!B:B,">=2024-07-01",Work_Orders!B:B,"<=2024-07-31") -> 0
A28: Aug | B28: =COUNTIFS(Work_Orders!B:B,">=2024-08-01",Work_Orders!B:B,"<=2024-08-31") -> 0 | C28: =COUNTIFS(Work_Orders!B:B,">=2024-08-01",Work_Orders!B:B,"<=2024-08-31",Work_Orders!F:F,"Completed") -> 0 | D28: =SUMIFS(Work_Orders!I:I,Work_Orders!B:B,">=2024-08-01",Work_Orders!B:B,"<=2024-08-31") -> 0
A29: Sep | B29: =COUNTIFS(Work_Orders!B:B,">=2024-09-01",Work_Orders!B:B,"<=2024-09-31") -> 0 | C29: =COUNTIFS(Work_Orders!B:B,">=2024-09-01",Work_Orders!B:B,"<=2024-09-31",Work_Orders!F:F,"Completed") -> 0 | D29: =SUMIFS(Work_Orders!I:I,Work_Orders!B:B,">=2024-09-01",Work_Orders!B:B,"<=2024-09-31") -> 0
A30: Oct | B30: =COUNTIFS(Work_Orders!B:B,">=2024-10-01",Work_Orders!B:B,"<=2024-10-31") -> 0 | C30: =COUNTIFS(Work_Orders!B:B,">=2024-10-01",Work_Orders!B:B,"<=2024-10-31",Work_Orders!F:F,"Completed") -> 0 | D30: =SUMIFS(Work_Orders!I:I,Work_Orders!B:B,">=2024-10-01",Work_Orders!B:B,"<=2024-10-31") -> 0
A31: Nov | B31: =COUNTIFS(Work_Orders!B:B,">=2024-11-01",Work_Orders!B:B,"<=2024-11-31") -> 0 | C31: =COUNTIFS(Work_Orders!B:B,">=2024-11-01",Work_Orders!B:B,"<=2024-11-31",Work_Orders!F:F,"Completed") -> 0 | D31: =SUMIFS(Work_Orders!I:I,Work_Orders!B:B,">=2024-11-01",Work_Orders!B:B,"<=2024-11-31") -> 0
A32: Dec | B32: =COUNTIFS(Work_Orders!B:B,">=2024-12-01",Work_Orders!B:B,"<=2024-12-31") -> 0 | C32: =COUNTIFS(Work_Orders!B:B,">=2024-12-01",Work_Orders!B:B,"<=2024-12-31",Work_Orders!F:F,"Completed") -> 0 | D32: =SUMIFS(Work_Orders!I:I,Work_Orders!B:B,">=2024-12-01",Work_Orders!B:B,"<=2024-12-31") -> 0

Sheet SQL_Queries
A1: SQL QUERY REFERENCE — Facilities Maintenance Dashboard
A3: Query 1: Total work orders by category
A4: SELECT Category,
A5: COUNT(*) AS Total_Jobs,
A6: ROUND(COUNT(*) * 100.0 / (SELECT COUNT(*) FROM work_orders), 1) AS Pct_Total
A7: FROM work_orders
A8: GROUP BY Category
A9: ORDER BY Total_Jobs DESC;
A11: Query 2: Average days to close by priority
A12: SELECT Priority,
A13: COUNT(*) AS Jobs,
A14: ROUND(AVG(Days_to_Close), 1) AS Avg_Days_to_Close,
... A51: ORDER BY Total_Jobs DESC;

Sheet GitHub_README
A1: GITHUB README TEMPLATE — Copy this into your repository
A3: # Facilities Maintenance Dashboard
A5: ## Project Overview
A6: This project analyses 12 months of fictional facilities maintenance work order data
A7: modelled on a large Irish institutional setting (similar to RCSI). The goal is to
A8: identify maintenance trends, contractor performance, and cost patterns.
A10: ## Tools Used
A11: - Microsoft Excel (data storage, COUNTIFS/AVERAGEIFS formulas, bar & pie charts)
A12: - SQL (data querying and aggregation — see SQL_Queries sheet)
A13: - GitHub (version control and portfolio publishing)
A15: ## Dataset
A16: - 120+ fictional work orders across Jan–Dec 2024
... A36: LinkedIn: [your LinkedIn URL] | Email: punj28@yahoo.com
